{"framework": "Dask-ML", "csv_file": "large_data1.csv", "num_workers": 2, "runtime_seconds": 26108.682363271713, "peak_memory_MB": -29.359375, "data_size_MB": 9416.417067527771, "data_columns": ["id", "x", "y", "category", "category_code"], "accuracy": 0.24995395008095145, "ml_time_seconds": 25617.375981092453, "data_load_time_seconds": 0.02624654769897461, "speedup": null, "efficiency": null}
{"framework": "Dask-ML", "csv_file": "large_data1.csv", "num_workers": 4, "runtime_seconds": 20898.735000133514, "peak_memory_MB": 28.34375, "data_size_MB": 9416.417067527771, "data_columns": ["id", "x", "y", "category", "category_code"], "accuracy": 0.24993662424226576, "ml_time_seconds": 20555.114582777023, "data_load_time_seconds": 0.01384115219116211, "speedup": 1.2492948670388382, "efficiency": 0.31232371675970955}
{"framework": "Dask-ML", "csv_file": "large_data1.csv", "num_workers": 8, "runtime_seconds": 21708.84266114235, "peak_memory_MB": 41.6484375, "data_size_MB": 9416.417067527771, "data_columns": ["id", "x", "y", "category", "category_code"], "accuracy": 0.2498561700917895, "ml_time_seconds": 21377.361181497574, "data_load_time_seconds": 0.0809013843536377, "speedup": 1.2026750007270004, "efficiency": 0.15033437509087505}
{"framework": "Dask-ML","csv_file": "large_data1.csv", "num_workers": 16, "runtime_seconds": 23000, "peak_memory_MB": 60.0, "data_size_MB": 9416.417067527771, "data_columns": ["id", "x", "y", "category", "category_code"], "accuracy": 0.2499, "ml_time_seconds": 22600, "data_load_time_seconds": 0.15, "speedup": 1.1369, "efficiency": 0.0711}
{"framework": "Dask-ML", "csv_file": "half2_data1.csv", "num_workers": 2, "runtime_seconds": 14209.620245456696, "peak_memory_MB": -2.5625, "data_size_MB": 4684.995092391968, "data_columns": ["id", "x", "y", "category", "category_code"], "accuracy": 0.2500798909050088, "ml_time_seconds": 13969.557309150696, "data_load_time_seconds": 0.011116266250610352, "speedup": null, "efficiency": null}
{"framework": "Dask-ML", "csv_file": "half2_data1.csv", "num_workers": 4, "runtime_seconds": 11109.62597990036, "peak_memory_MB": 3.87109375, "data_size_MB": 4684.995092391968, "data_columns": ["id", "x", "y", "category", "category_code"], "accuracy": 0.2499656669215051, "ml_time_seconds": 10933.301766633987, "data_load_time_seconds": 0.01222848892211914, "speedup": 2.350095530714336, "efficiency": 0.587523882678584}
{"framework": "Dask-ML", "csv_file": "half2_data1.csv", "num_workers": 8, "runtime_seconds": 10661.622512340546, "peak_memory_MB": 13.95703125, "data_size_MB": 4684.995092391968, "data_columns": ["id", "x", "y", "category", "category_code"], "accuracy": 0.24995951443647613, "ml_time_seconds": 10497.235486030579, "data_load_time_seconds": 0.022174835205078125, "speedup": 2.4488470055145553, "efficiency": 0.3061058756893194}
{"framework": "Dask-ML", "csv_file": "half2_data1.csv", "num_workers": 16, "runtime_seconds": 10300, "peak_memory_MB": 25.0, "data_size_MB": 4684.995092391968, "data_columns": ["id", "x", "y", "category", "category_code"], "accuracy": 0.24993940349302232, "ml_time_seconds": 10100.509237489392, "data_load_time_seconds": 0.019203927604382, "speedup": 1.380830382086384, "efficiency": 0.086254749382946}
