{"framework": "Dask", "csv_file": "large_data.csv", "num_workers": 2, "runtime_seconds": 56.90490770339966, "peak_memory_MB": 10.0078125, "data_size_rows": 180000000, "data_size_MB": 8569.738649368286, "data_columns": ["id", "x", "y", "category"], "data_summary": {"mean_x": 0.5000272163923166, "mean_y": 0.5000418901536627, "min_x": 2.647711938585928e-09, "min_y": 7.736191243168378e-09, "max_x": 0.999999999897652, "max_y": 0.9999999975210097, "count": 180000000}, "result_sample": {"x": {"A": 0.5000195289590965, "B": 0.499998076224377, "C": 0.5000612208755841, "D": 0.5000300443315416}, "y": {"A": 0.5000453281319597, "B": 0.5000239160347473, "C": 0.500047604664249, "D": 0.5000507164336089}}, "etl_time_seconds": 56.88845086097717, "data_load_time_seconds": 0.0164182186126709, "speedup": null, "efficiency": null}
{"framework": "Dask", "csv_file": "large_data.csv", "num_workers": 4, "runtime_seconds": 44.48373746871948, "peak_memory_MB": 2.25, "data_size_rows": 180000000, "data_size_MB": 8569.738649368286, "data_columns": ["id", "x", "y", "category"], "data_summary": {"mean_x": 0.5000272163923166, "mean_y": 0.5000418901536627, "min_x": 2.647711938585928e-09, "min_y": 7.736191243168378e-09, "max_x": 0.999999999897652, "max_y": 0.9999999975210097, "count": 180000000}, "result_sample": {"x": {"A": 0.5000195289590965, "B": 0.499998076224377, "C": 0.5000612208755841, "D": 0.5000300443315416}, "y": {"A": 0.5000453281319597, "B": 0.5000239160347473, "C": 0.500047604664249, "D": 0.5000507164336089}}, "etl_time_seconds": 44.46709227561951, "data_load_time_seconds": 0.016594886779785156, "speedup": 1.2792294654516072, "efficiency": 0.3198073663629018}
{"framework": "Dask", "csv_file": "large_data.csv", "num_workers": 8, "runtime_seconds": 38.832295656204224, "peak_memory_MB": 0.296875, "data_size_rows": 180000000, "data_size_MB": 8569.738649368286, "data_columns": ["id", "x", "y", "category"], "data_summary": {"mean_x": 0.5000272163923166, "mean_y": 0.5000418901536627, "min_x": 2.647711938585928e-09, "min_y": 7.736191243168378e-09, "max_x": 0.999999999897652, "max_y": 0.9999999975210097, "count": 180000000}, "result_sample": {"x": {"A": 0.5000195289590965, "B": 0.499998076224377, "C": 0.5000612208755841, "D": 0.5000300443315416}, "y": {"A": 0.5000453281319597, "B": 0.5000239160347473, "C": 0.500047604664249, "D": 0.5000507164336089}}, "etl_time_seconds": 38.818556785583496, "data_load_time_seconds": 0.013689994812011719, "speedup": 1.4654015875651167, "efficiency": 0.1831751984456396}
{"framework": "Dask", "csv_file": "large_data.csv", "num_workers": 16, "runtime_seconds": 40.72754669189453, "peak_memory_MB": 2.52734375, "data_size_rows": 180000000, "data_size_MB": 8569.738649368286, "data_columns": ["id", "x", "y", "category"], "data_summary": {"mean_x": 0.5000272163923166, "mean_y": 0.5000418901536627, "min_x": 2.647711938585928e-09, "min_y": 7.736191243168378e-09, "max_x": 0.999999999897652, "max_y": 0.9999999975210097, "count": 180000000}, "result_sample": {"x": {"A": 0.5000195289590965, "B": 0.499998076224377, "C": 0.5000612208755841, "D": 0.5000300443315416}, "y": {"A": 0.5000453281319597, "B": 0.5000239160347473, "C": 0.500047604664249, "D": 0.5000507164336089}}, "etl_time_seconds": 40.70928978919983, "data_load_time_seconds": 0.0180056095123291, "speedup": 1.3972093171702065, "efficiency": 0.0873255823231379}
{"framework": "Dask", "csv_file": "half2_data.csv", "num_workers": 2, "runtime_seconds": 35.04292368888855, "peak_memory_MB": 0.09375, "data_size_rows": 90000000, "data_size_MB": 4259.96263217926, "data_columns": ["id", "x", "y", "category"], "data_summary": {"mean_x": 0.49999161933609626, "mean_y": 0.5000391999973735, "min_x": 2.6477119385859282e-09, "min_y": 7.736191243168378e-09, "max_x": 0.999999999897652, "max_y": 0.9999999975210097, "count": 90000000}, "result_sample": {"x": {"A": 0.4999993206179492, "B": 0.49996847194449884, "C": 0.5000120435737841, "D": 0.49998664975085694}, "y": {"A": 0.5000452114134646, "B": 0.4999904745670167, "C": 0.5000309791516054, "D": 0.5000901417750611}}, "etl_time_seconds": 35.03131151199341, "data_load_time_seconds": 0.01157689094543457, "speedup": null, "efficiency": null}
{"framework": "Dask", "csv_file": "half2_data.csv", "num_workers": 4, "runtime_seconds": 27.363672256469727, "peak_memory_MB": 1.35546875, "data_size_rows": 90000000, "data_size_MB": 4259.96263217926, "data_columns": ["id", "x", "y", "category"], "data_summary": {"mean_x": 0.49999161933609626, "mean_y": 0.5000391999973735, "min_x": 2.6477119385859282e-09, "min_y": 7.736191243168378e-09, "max_x": 0.999999999897652, "max_y": 0.9999999975210097, "count": 90000000}, "result_sample": {"x": {"A": 0.4999993206179492, "B": 0.49996847194449884, "C": 0.5000120435737841, "D": 0.49998664975085694}, "y": {"A": 0.5000452114134646, "B": 0.4999904745670167, "C": 0.5000309791516054, "D": 0.5000901417750611}}, "etl_time_seconds": 27.35070252418518, "data_load_time_seconds": 0.012911081314086914, "speedup": 2.079578616862923, "efficiency": 0.5198946542157308}
{"framework": "Dask", "csv_file": "half2_data.csv", "num_workers": 8, "runtime_seconds": 20.054041147232056, "peak_memory_MB": 0.40234375, "data_size_rows": 90000000, "data_size_MB": 4259.96263217926, "data_columns": ["id", "x", "y", "category"], "data_summary": {"mean_x": 0.49999161933609626, "mean_y": 0.5000391999973735, "min_x": 2.6477119385859282e-09, "min_y": 7.736191243168378e-09, "max_x": 0.999999999897652, "max_y": 0.9999999975210097, "count": 90000000}, "result_sample": {"x": {"A": 0.4999993206179492, "B": 0.49996847194449884, "C": 0.5000120435737841, "D": 0.49998664975085694}, "y": {"A": 0.5000452114134646, "B": 0.4999904745670167, "C": 0.5000309791516054, "D": 0.5000901417750611}}, "etl_time_seconds": 20.038174390792847, "data_load_time_seconds": 0.01580023765563965, "speedup": 2.8375780864124693, "efficiency": 0.35469726080155867}
{"framework": "Dask", "csv_file": "half2_data.csv", "num_workers": 16, "runtime_seconds": 21.2159161567688, "peak_memory_MB": 0.19140625, "data_size_rows": 90000000, "data_size_MB": 4259.96263217926, "data_columns": ["id", "x", "y", "category"], "data_summary": {"mean_x": 0.49999161933609626, "mean_y": 0.5000391999973735, "min_x": 2.6477119385859282e-09, "min_y": 7.736191243168378e-09, "max_x": 0.999999999897652, "max_y": 0.9999999975210097, "count": 90000000}, "result_sample": {"x": {"A": 0.4999993206179492, "B": 0.49996847194449884, "C": 0.5000120435737841, "D": 0.49998664975085694}, "y": {"A": 0.5000452114134646, "B": 0.4999904745670167, "C": 0.5000309791516054, "D": 0.5000901417750611}}, "etl_time_seconds": 21.19325351715088, "data_load_time_seconds": 0.021988868713378906, "speedup": 2.682180080413097, "efficiency": 0.16763625502581855}
